marker_id,chr,pos,Major,Minor,rsID,MAF,SNPStrains,
gUNC6185684,3,126567274,C,T,rs30528728,0.409722222,129;A;PWK;WSB,
S3N035096150,3,127197402,G,A,rs30933905,0.215277778,129;A,
SBT035101462,3,127330209,T,C,rs52432900,0.291666667,129;A;PWK,
SBC035107913,3,127491478,A,G,rs231081709,0.388888889,129;A;CAST;PWK,
UNC6208306,3,127947788,C,T,rs36671438,0.333333333,A;CAST;PWK,
UNC6209486,3,128018005,C,T,rs51624063,0.465277778,129;A;NOD;PWK,
gUNC6215314,3,128424176,A,G,rs50966216,0.444444444,129;A;CAST;WSB,
JAX00537340,3,128781813,G,A,rs50826833,0.131944444,WSB,
UNC6219668,3,128795680,T,C,rs46687464,0.3125,CAST;PWK;WSB,
UNC6220293,3,128858296,A,G,rs31239613,0.208333333,PWK;WSB,
UNC6221860,3,128966044,A,G,rs258287251,0.326388889,CAST;PWK;WSB,
UNC6221985,3,128975589,A,G,rs262561359,0.326388889,CAST;PWK;WSB,
JAX00537378,3,128975751,A,G,rs36929613,0.131944444,WSB,
gUNC6222319,3,129018474,A,G,rs37835643,0.229166667,CAST;NZO,
UNC6222319,3,129018474,A,G,rs37835643,0.229166667,CAST;NZO,
UNC6222615,3,129041723,T,C,rs108232033,0.430555556,CAST;NZO;PWK;WSB,
UNC6225534,3,129216313,G,T,rs30404390,0.395833333,129;CAST;NZO;WSB,
UNC6226186,3,129263232,A,G,rs36692102,0.291666667,129;NZO;WSB,
mUNC6229155,3,129477450,G,A,rs52563405,0.277777778,B6;CAST,
gUNC6247460,3,130584978,C,T,rs36880621,0.493055556,129;NOD;NZO;WSB,
S6Y035232901,3,130616191,T,G,rs46568959,0.402777778,A;B6;WSB,
SSR035248118,3,130996617,G,A,rs230733183,0.201388889,NOD,
SSR035263141,3,131284304,A,G,rs233419587,0.354166667,129;A;B6,
SSH035274752,3,131574567,T,C,rs3675768,0.208333333,129;B6,
SSH035274975,3,131580151,A,G,rs31476491,0.208333333,129;B6,
SSR035274986,3,131580412,G,A,rs30161149,0.326388889,A;NOD,
SSH035276932,3,131629064,A,G,rs253080846,0.493055556,A;NOD;NZO,
SSH035279587,3,131695445,G,A,rs50691982,0.493055556,A;NOD;NZO,
gUNC6264274,3,131726159,C,T,rs30560490,0.381944444,129;B6;PWK;WSB,
SSR035281155,3,131734656,C,T,rs30678542,0.409722222,129;B6;CAST;PWK,
S6R035281336,3,131739174,G,A,rs222220990,0.409722222,129;B6;CAST;PWK,
SSH035282598,3,131770727,A,G,rs30682177,0.326388889,A;NOD,
SSR035282789,3,131775486,C,T,rs30677093,0.451388889,A;CAST;NOD,
SSR035282807,3,131775938,A,G,rs51415556,0.472222222,129;B6;NZO;WSB,
SSR035282975,3,131780159,A,G,rs30680636,0.472222222,129;B6;NZO;WSB,
SSR035282992,3,131780567,G,T,rs30680640,0.472222222,129;B6;NZO;WSB,
gUNC6265372,3,131780848,G,A,rs30681458,0.472222222,129;B6;NZO;WSB,
gUNC6265372b,3,131780848,G,A,rs30681458,0.472222222,129;B6;NZO;WSB,
gJAX00113359,3,132485364,A,G,rs31573575,0.444444444,129;CAST;NZO;WSB,
S6J035325488,3,132842967,A,G,rs6153625,0.166666667,B6,
gJAX00113396,3,132949936,C,T,rs30762478,0.152777778,129;WSB,
gJAX00113456,3,133754008,T,C,rs47881483,0.340277778,129;CAST;PWK;WSB,
gJAX00113489,3,134184219,C,T,rs50266700,0.0625,PWK,
gUNC6309280,3,135068309,T,C,rs36478045,0.430555556,129;CAST;NZO;WSB,
gJAX00113606,3,135729734,G,A,rs38781463,0.256944444,129;NOD,
gUNC6331986,3,136630551,A,G,rs29975530,0.451388889,B6;CAST;PWK;WSB,
mUNC030244865,3,138861908,C,T,rs49543067,0.333333333,B6;CAST;PWK,
gJAX00113867,3,139247174,T,C,rs31093350,0.333333333,B6;CAST;PWK,
mUNC6391970,3,140553890,T,C,rs242892359,0.1875,NZO,
S2H035666793,3,141375593,T,C,rs52463693,0.375,CAST;NOD;PWK,
gUNC6409039,3,141603660,T,C,rs30700851,0.472222222,B6;CAST;PWK;WSB,
D1H035703953,3,142304602,C,A,,0.326388889,129;A;B6,
gUNC6421327,3,142344791,A,G,rs30054485,0.395833333,129;A;B6;PWK,
S2H035708819,3,142426260,A,G,rs30860191,0.326388889,129;A;B6,
gJAX00540289,3,142636582,A,C,rs31085149,0.333333333,B6;CAST;PWK,
gUNCHS010297,3,143172703,A,G,rs30206761,0.173611111,129;WSB,
gUNC6444169,3,144023400,T,C,rs30166546,0.465277778,129;NZO;PWK;WSB,
UNC6445132,3,144100428,T,C,rs30514214,0.465277778,129;NZO;PWK;WSB,
gUNC6450714,3,144461123,A,G,rs31160312,0.173611111,CAST;PWK,
mJAX00114333,3,145473502,C,T,rs38791131,0.444444444,129;A;NOD;WSB,
S6J035852681,3,146022796,T,C,rs31290052,0.166666667,B6,
gUNC6478289,3,146301446,T,C,rs46918767,0.444444444,129;CAST;NOD;PWK,
S6J035866443,3,146366848,T,C,rs31652354,0.25,B6;CAST,
gUNC6491714,3,147219768,T,C,rs6296122,0.444444444,129;A;NZO;PWK,
gJAX00541929,3,149006238,T,C,rs31569090,0.277777778,B6;WSB,
gJAX00541998,3,149397680,A,G,rs36289966,0.097222222,CAST,
SS1035990791,3,149475412,G,A,rs252818652,0.090277778,129,
S6J062005622,6,50140560,50117540,A,G,rs47119758,0.152777778,B6
gUNC11058438,6,50393626,50370606,C,T,rs47069284,0.451388889,129;A;CAST;PWK
gUNC11063030,6,50700098,50677078,G,A,rs29711549,0.416666667,A;B6;CAST;NOD
gUNC11072755,6,51310669,51287649,A,G,rs30760679,0.381944444,129;A;NZO
gUNC11078268,6,51673814,51650794,A,G,rs29800330,0.319444444,CAST;NOD;NZO;PWK
mUNC060377743,6,52555447,52532432,C,T,rs239243893,0.3125,A;CAST;PWK
gUNCHS017378,6,53311746,53288731,C,T,rs29940384,0.152777778,B6
backupUNC060481335,6,54057349,54034334,A,G,rs30864108,0.243055556,CAST;NOD;PWK
gUNC11110543,6,54223199,54200184,A,G,rs30040568,0.451388889,129;CAST;NOD;WSB
SAH062169449,6,54236232,54213217,A,G,rs47854470,0.402777778,129;NOD;WSB
SAH062169452,6,54236311,54213296,T,G,rs30044653,0.402777778,129;NOD;WSB
gUNC11123637,6,55109046,55086031,A,G,rs30102084,0.256944444,CAST;WSB
gUNC11128971,6,55505748,55482733,A,G,rs49107288,0.472222222,A;CAST;NOD;WSB
mUNC060379499,6,56109337,56086322,T,C,rs29869586,0.409722222,129;B6;NZO
mUNC060379499b,6,56109337,56086322,T,C,rs29869586,0.409722222,129;B6;NZO
gUNC11150827,6,56951519,56928504,A,G,rs30957007,0.409722222,129;CAST;NZO;PWK
gUNC11153623,6,57262360,57239345,A,G,rs240474693,0.409722222,A;B6;CAST;NOD
gUNC11164825,6,58270497,58247482,G,A,rs220208136,0.354166667,CAST;PWK;WSB
gUNCHS017489,6,59349594,59326579,A,G,rs36501529,0.138888889,CAST;PWK
mbackupJAX00611376,6,59424023,59401008,C,T,rs37494553,0.347222222,CAST;PWK;WSB
