chr,region_id,start,end,genes,pos,p,lod,marker,i.start,i.end
3,EF21_Iso_Peak_Zoom,137860000,139860000,"Trmt10a, 4930579F01Rik, Gm64392, 0610031O16Rik, Adh7, Adh1, Gm16559, Gm65536, Gm65535, Adh6a, Adh6b, Gm23467, Gm64926, Adh4, Gm56805, Gm64924, Adh5, Metap1, Gm66717, Gm64814, Eif4e, Mir1956, Gm66723, Gm65687, 4930425O10Rik, Gm66306, Tspan5, Gm65713, Gm65747, Gm65746, Rap1gds1, Gm56773, Stpg2, Gm65804, Gm24260, Gm32693, Gm43678, Gm65813, Gm65202, Mir7j",137871841,3.84266335320337e-06,5.41536766139832,UNC6349977,137871841,137871841
3,EF21_Iso_Peak_Zoom,137860000,139860000,"Trmt10a, 4930579F01Rik, Gm64392, 0610031O16Rik, Adh7, Adh1, Gm16559, Gm65536, Gm65535, Adh6a, Adh6b, Gm23467, Gm64926, Adh4, Gm56805, Gm64924, Adh5, Metap1, Gm66717, Gm64814, Eif4e, Mir1956, Gm66723, Gm65687, 4930425O10Rik, Gm66306, Tspan5, Gm65713, Gm65747, Gm65746, Rap1gds1, Gm56773, Stpg2, Gm65804, Gm24260, Gm32693, Gm43678, Gm65813, Gm65202, Mir7j",137925761,3.84339224308218e-06,5.41528529070785,UNC6350855,137925761,137925761
3,EF21_Iso_Peak_Zoom,137860000,139860000,"Trmt10a, 4930579F01Rik, Gm64392, 0610031O16Rik, Adh7, Adh1, Gm16559, Gm65536, Gm65535, Adh6a, Adh6b, Gm23467, Gm64926, Adh4, Gm56805, Gm64924, Adh5, Metap1, Gm66717, Gm64814, Eif4e, Mir1956, Gm66723, Gm65687, 4930425O10Rik, Gm66306, Tspan5, Gm65713, Gm65747, Gm65746, Rap1gds1, Gm56773, Stpg2, Gm65804, Gm24260, Gm32693, Gm43678, Gm65813, Gm65202, Mir7j",137950470,3.84372452925456e-06,5.4152477447578,UNC6351262,137950470,137950470
3,EF21_Iso_Peak_Zoom,137860000,139860000,"Trmt10a, 4930579F01Rik, Gm64392, 0610031O16Rik, Adh7, Adh1, Gm16559, Gm65536, Gm65535, Adh6a, Adh6b, Gm23467, Gm64926, Adh4, Gm56805, Gm64924, Adh5, Metap1, Gm66717, Gm64814, Eif4e, Mir1956, Gm66723, Gm65687, 4930425O10Rik, Gm66306, Tspan5, Gm65713, Gm65747, Gm65746, Rap1gds1, Gm56773, Stpg2, Gm65804, Gm24260, Gm32693, Gm43678, Gm65813, Gm65202, Mir7j",137978684,3.84410800797192e-06,5.41520441845219,UNC6351525,137978684,137978684
3,EF21_Iso_Peak_Zoom,137860000,139860000,"Trmt10a, 4930579F01Rik, Gm64392, 0610031O16Rik, Adh7, Adh1, Gm16559, Gm65536, Gm65535, Adh6a, Adh6b, Gm23467, Gm64926, Adh4, Gm56805, Gm64924, Adh5, Metap1, Gm66717, Gm64814, Eif4e, Mir1956, Gm66723, Gm65687, 4930425O10Rik, Gm66306, Tspan5, Gm65713, Gm65747, Gm65746, Rap1gds1, Gm56773, Stpg2, Gm65804, Gm24260, Gm32693, Gm43678, Gm65813, Gm65202, Mir7j",137988877,3.84417028646683e-06,5.41519738249286,UNC6351650,137988877,137988877
3,EF21_Iso_Peak_Zoom,137860000,139860000,"Trmt10a, 4930579F01Rik, Gm64392, 0610031O16Rik, Adh7, Adh1, Gm16559, Gm65536, Gm65535, Adh6a, Adh6b, Gm23467, Gm64926, Adh4, Gm56805, Gm64924, Adh5, Metap1, Gm66717, Gm64814, Eif4e, Mir1956, Gm66723, Gm65687, 4930425O10Rik, Gm66306, Tspan5, Gm65713, Gm65747, Gm65746, Rap1gds1, Gm56773, Stpg2, Gm65804, Gm24260, Gm32693, Gm43678, Gm65813, Gm65202, Mir7j",138008158,3.84429281603091e-06,5.41518353995688,UNC6351882,138008158,138008158
3,EF21_Iso_Peak_Zoom,137860000,139860000,"Trmt10a, 4930579F01Rik, Gm64392, 0610031O16Rik, Adh7, Adh1, Gm16559, Gm65536, Gm65535, Adh6a, Adh6b, Gm23467, Gm64926, Adh4, Gm56805, Gm64924, Adh5, Metap1, Gm66717, Gm64814, Eif4e, Mir1956, Gm66723, Gm65687, 4930425O10Rik, Gm66306, Tspan5, Gm65713, Gm65747, Gm65746, Rap1gds1, Gm56773, Stpg2, Gm65804, Gm24260, Gm32693, Gm43678, Gm65813, Gm65202, Mir7j",138033967,3.8439662637621e-06,5.41522043253478,UNC6352400,138033967,138033967
3,EF21_Iso_Peak_Zoom,137860000,139860000,"Trmt10a, 4930579F01Rik, Gm64392, 0610031O16Rik, Adh7, Adh1, Gm16559, Gm65536, Gm65535, Adh6a, Adh6b, Gm23467, Gm64926, Adh4, Gm56805, Gm64924, Adh5, Metap1, Gm66717, Gm64814, Eif4e, Mir1956, Gm66723, Gm65687, 4930425O10Rik, Gm66306, Tspan5, Gm65713, Gm65747, Gm65746, Rap1gds1, Gm56773, Stpg2, Gm65804, Gm24260, Gm32693, Gm43678, Gm65813, Gm65202, Mir7j",138053676,3.84360019975226e-06,5.41526179271823,UNC6352785,138053676,138053676
3,EF21_Iso_Peak_Zoom,137860000,139860000,"Trmt10a, 4930579F01Rik, Gm64392, 0610031O16Rik, Adh7, Adh1, Gm16559, Gm65536, Gm65535, Adh6a, Adh6b, Gm23467, Gm64926, Adh4, Gm56805, Gm64924, Adh5, Metap1, Gm66717, Gm64814, Eif4e, Mir1956, Gm66723, Gm65687, 4930425O10Rik, Gm66306, Tspan5, Gm65713, Gm65747, Gm65746, Rap1gds1, Gm56773, Stpg2, Gm65804, Gm24260, Gm32693, Gm43678, Gm65813, Gm65202, Mir7j",138088146,3.84332893308995e-06,5.41529244465025,UNC030241721,138088146,138088146
3,EF21_Iso_Peak_Zoom,137860000,139860000,"Trmt10a, 4930579F01Rik, Gm64392, 0610031O16Rik, Adh7, Adh1, Gm16559, Gm65536, Gm65535, Adh6a, Adh6b, Gm23467, Gm64926, Adh4, Gm56805, Gm64924, Adh5, Metap1, Gm66717, Gm64814, Eif4e, Mir1956, Gm66723, Gm65687, 4930425O10Rik, Gm66306, Tspan5, Gm65713, Gm65747, Gm65746, Rap1gds1, Gm56773, Stpg2, Gm65804, Gm24260, Gm32693, Gm43678, Gm65813, Gm65202, Mir7j",138089096,3.17560366917637e-06,5.49817370493204,UNC6353448,138089096,138089096
3,EF21_Iso_Peak_Zoom,137860000,139860000,"Trmt10a, 4930579F01Rik, Gm64392, 0610031O16Rik, Adh7, Adh1, Gm16559, Gm65536, Gm65535, Adh6a, Adh6b, Gm23467, Gm64926, Adh4, Gm56805, Gm64924, Adh5, Metap1, Gm66717, Gm64814, Eif4e, Mir1956, Gm66723, Gm65687, 4930425O10Rik, Gm66306, Tspan5, Gm65713, Gm65747, Gm65746, Rap1gds1, Gm56773, Stpg2, Gm65804, Gm24260, Gm32693, Gm43678, Gm65813, Gm65202, Mir7j",138116725,2.75645412791088e-06,5.55964923052407,UNC6353809,138116725,138116725
3,EF21_Iso_Peak_Zoom,137860000,139860000,"Trmt10a, 4930579F01Rik, Gm64392, 0610031O16Rik, Adh7, Adh1, Gm16559, Gm65536, Gm65535, Adh6a, Adh6b, Gm23467, Gm64926, Adh4, Gm56805, Gm64924, Adh5, Metap1, Gm66717, Gm64814, Eif4e, Mir1956, Gm66723, Gm65687, 4930425O10Rik, Gm66306, Tspan5, Gm65713, Gm65747, Gm65746, Rap1gds1, Gm56773, Stpg2, Gm65804, Gm24260, Gm32693, Gm43678, Gm65813, Gm65202, Mir7j",138130536,2.50628531075876e-06,5.6009694912688,UNC6353984,138130536,138130536
3,EF21_Iso_Peak_Zoom,137860000,139860000,"Trmt10a, 4930579F01Rik, Gm64392, 0610031O16Rik, Adh7, Adh1, Gm16559, Gm65536, Gm65535, Adh6a, Adh6b, Gm23467, Gm64926, Adh4, Gm56805, Gm64924, Adh5, Metap1, Gm66717, Gm64814, Eif4e, Mir1956, Gm66723, Gm65687, 4930425O10Rik, Gm66306, Tspan5, Gm65713, Gm65747, Gm65746, Rap1gds1, Gm56773, Stpg2, Gm65804, Gm24260, Gm32693, Gm43678, Gm65813, Gm65202, Mir7j",138149460,2.47785768160966e-06,5.60592364140894,JAX00113785,138149460,138149460
3,EF21_Iso_Peak_Zoom,137860000,139860000,"Trmt10a, 4930579F01Rik, Gm64392, 0610031O16Rik, Adh7, Adh1, Gm16559, Gm65536, Gm65535, Adh6a, Adh6b, Gm23467, Gm64926, Adh4, Gm56805, Gm64924, Adh5, Metap1, Gm66717, Gm64814, Eif4e, Mir1956, Gm66723, Gm65687, 4930425O10Rik, Gm66306, Tspan5, Gm65713, Gm65747, Gm65746, Rap1gds1, Gm56773, Stpg2, Gm65804, Gm24260, Gm32693, Gm43678, Gm65813, Gm65202, Mir7j",138156003,2.4491691433922e-06,5.61098122079392,UNC6354369,138156003,138156003
3,EF21_Iso_Peak_Zoom,137860000,139860000,"Trmt10a, 4930579F01Rik, Gm64392, 0610031O16Rik, Adh7, Adh1, Gm16559, Gm65536, Gm65535, Adh6a, Adh6b, Gm23467, Gm64926, Adh4, Gm56805, Gm64924, Adh5, Metap1, Gm66717, Gm64814, Eif4e, Mir1956, Gm66723, Gm65687, 4930425O10Rik, Gm66306, Tspan5, Gm65713, Gm65747, Gm65746, Rap1gds1, Gm56773, Stpg2, Gm65804, Gm24260, Gm32693, Gm43678, Gm65813, Gm65202, Mir7j",138184713,2.42059953312213e-06,5.61607705481323,UNC6354787,138184713,138184713
3,EF21_Iso_Peak_Zoom,137860000,139860000,"Trmt10a, 4930579F01Rik, Gm64392, 0610031O16Rik, Adh7, Adh1, Gm16559, Gm65536, Gm65535, Adh6a, Adh6b, Gm23467, Gm64926, Adh4, Gm56805, Gm64924, Adh5, Metap1, Gm66717, Gm64814, Eif4e, Mir1956, Gm66723, Gm65687, 4930425O10Rik, Gm66306, Tspan5, Gm65713, Gm65747, Gm65746, Rap1gds1, Gm56773, Stpg2, Gm65804, Gm24260, Gm32693, Gm43678, Gm65813, Gm65202, Mir7j",138202374,2.3923350077483e-06,5.62117800452096,UNC6354957,138202374,138202374
3,EF21_Iso_Peak_Zoom,137860000,139860000,"Trmt10a, 4930579F01Rik, Gm64392, 0610031O16Rik, Adh7, Adh1, Gm16559, Gm65536, Gm65535, Adh6a, Adh6b, Gm23467, Gm64926, Adh4, Gm56805, Gm64924, Adh5, Metap1, Gm66717, Gm64814, Eif4e, Mir1956, Gm66723, Gm65687, 4930425O10Rik, Gm66306, Tspan5, Gm65713, Gm65747, Gm65746, Rap1gds1, Gm56773, Stpg2, Gm65804, Gm24260, Gm32693, Gm43678, Gm65813, Gm65202, Mir7j",138237778,2.39247369876357e-06,5.62115282786445,JAX00113791,138237778,138237778
3,EF21_Iso_Peak_Zoom,137860000,139860000,"Trmt10a, 4930579F01Rik, Gm64392, 0610031O16Rik, Adh7, Adh1, Gm16559, Gm65536, Gm65535, Adh6a, Adh6b, Gm23467, Gm64926, Adh4, Gm56805, Gm64924, Adh5, Metap1, Gm66717, Gm64814, Eif4e, Mir1956, Gm66723, Gm65687, 4930425O10Rik, Gm66306, Tspan5, Gm65713, Gm65747, Gm65746, Rap1gds1, Gm56773, Stpg2, Gm65804, Gm24260, Gm32693, Gm43678, Gm65813, Gm65202, Mir7j",138254963,2.39254071539727e-06,5.62114066282096,UNC6355474,138254963,138254963
3,EF21_Iso_Peak_Zoom,137860000,139860000,"Trmt10a, 4930579F01Rik, Gm64392, 0610031O16Rik, Adh7, Adh1, Gm16559, Gm65536, Gm65535, Adh6a, Adh6b, Gm23467, Gm64926, Adh4, Gm56805, Gm64924, Adh5, Metap1, Gm66717, Gm64814, Eif4e, Mir1956, Gm66723, Gm65687, 4930425O10Rik, Gm66306, Tspan5, Gm65713, Gm65747, Gm65746, Rap1gds1, Gm56773, Stpg2, Gm65804, Gm24260, Gm32693, Gm43678, Gm65813, Gm65202, Mir7j",138285561,2.39266348412041e-06,5.62111837838887,UNC6355939,138285561,138285561
3,EF21_Iso_Peak_Zoom,137860000,139860000,"Trmt10a, 4930579F01Rik, Gm64392, 0610031O16Rik, Adh7, Adh1, Gm16559, Gm65536, Gm65535, Adh6a, Adh6b, Gm23467, Gm64926, Adh4, Gm56805, Gm64924, Adh5, Metap1, Gm66717, Gm64814, Eif4e, Mir1956, Gm66723, Gm65687, 4930425O10Rik, Gm66306, Tspan5, Gm65713, Gm65747, Gm65746, Rap1gds1, Gm56773, Stpg2, Gm65804, Gm24260, Gm32693, Gm43678, Gm65813, Gm65202, Mir7j",138292813,2.39269224711518e-06,5.62111315762342,UNC6356127,138292813,138292813
3,EF21_Iso_Peak_Zoom,137860000,139860000,"Trmt10a, 4930579F01Rik, Gm64392, 0610031O16Rik, Adh7, Adh1, Gm16559, Gm65536, Gm65535, Adh6a, Adh6b, Gm23467, Gm64926, Adh4, Gm56805, Gm64924, Adh5, Metap1, Gm66717, Gm64814, Eif4e, Mir1956, Gm66723, Gm65687, 4930425O10Rik, Gm66306, Tspan5, Gm65713, Gm65747, Gm65746, Rap1gds1, Gm56773, Stpg2, Gm65804, Gm24260, Gm32693, Gm43678, Gm65813, Gm65202, Mir7j",138322358,2.39280935070083e-06,5.62109190282284,UNC6356738,138322358,138322358
3,EF21_Iso_Peak_Zoom,137860000,139860000,"Trmt10a, 4930579F01Rik, Gm64392, 0610031O16Rik, Adh7, Adh1, Gm16559, Gm65536, Gm65535, Adh6a, Adh6b, Gm23467, Gm64926, Adh4, Gm56805, Gm64924, Adh5, Metap1, Gm66717, Gm64814, Eif4e, Mir1956, Gm66723, Gm65687, 4930425O10Rik, Gm66306, Tspan5, Gm65713, Gm65747, Gm65746, Rap1gds1, Gm56773, Stpg2, Gm65804, Gm24260, Gm32693, Gm43678, Gm65813, Gm65202, Mir7j",138340915,2.39288282570095e-06,5.62107856732782,UNC6357053,138340915,138340915
3,EF21_Iso_Peak_Zoom,137860000,139860000,"Trmt10a, 4930579F01Rik, Gm64392, 0610031O16Rik, Adh7, Adh1, Gm16559, Gm65536, Gm65535, Adh6a, Adh6b, Gm23467, Gm64926, Adh4, Gm56805, Gm64924, Adh5, Metap1, Gm66717, Gm64814, Eif4e, Mir1956, Gm66723, Gm65687, 4930425O10Rik, Gm66306, Tspan5, Gm65713, Gm65747, Gm65746, Rap1gds1, Gm56773, Stpg2, Gm65804, Gm24260, Gm32693, Gm43678, Gm65813, Gm65202, Mir7j",138372790,2.39301107516019e-06,5.62105529141171,UNC6357699,138372790,138372790
3,EF21_Iso_Peak_Zoom,137860000,139860000,"Trmt10a, 4930579F01Rik, Gm64392, 0610031O16Rik, Adh7, Adh1, Gm16559, Gm65536, Gm65535, Adh6a, Adh6b, Gm23467, Gm64926, Adh4, Gm56805, Gm64924, Adh5, Metap1, Gm66717, Gm64814, Eif4e, Mir1956, Gm66723, Gm65687, 4930425O10Rik, Gm66306, Tspan5, Gm65713, Gm65747, Gm65746, Rap1gds1, Gm56773, Stpg2, Gm65804, Gm24260, Gm32693, Gm43678, Gm65813, Gm65202, Mir7j",138393648,2.39309363599172e-06,5.62104030815676,UNC6358041,138393648,138393648
3,EF21_Iso_Peak_Zoom,137860000,139860000,"Trmt10a, 4930579F01Rik, Gm64392, 0610031O16Rik, Adh7, Adh1, Gm16559, Gm65536, Gm65535, Adh6a, Adh6b, Gm23467, Gm64926, Adh4, Gm56805, Gm64924, Adh5, Metap1, Gm66717, Gm64814, Eif4e, Mir1956, Gm66723, Gm65687, 4930425O10Rik, Gm66306, Tspan5, Gm65713, Gm65747, Gm65746, Rap1gds1, Gm56773, Stpg2, Gm65804, Gm24260, Gm32693, Gm43678, Gm65813, Gm65202, Mir7j",138418693,2.39319251533058e-06,5.62102236407657,UNC6358523,138418693,138418693
3,EF21_Iso_Peak_Zoom,137860000,139860000,"Trmt10a, 4930579F01Rik, Gm64392, 0610031O16Rik, Adh7, Adh1, Gm16559, Gm65536, Gm65535, Adh6a, Adh6b, Gm23467, Gm64926, Adh4, Gm56805, Gm64924, Adh5, Metap1, Gm66717, Gm64814, Eif4e, Mir1956, Gm66723, Gm65687, 4930425O10Rik, Gm66306, Tspan5, Gm65713, Gm65747, Gm65746, Rap1gds1, Gm56773, Stpg2, Gm65804, Gm24260, Gm32693, Gm43678, Gm65813, Gm65202, Mir7j",138433643,2.39325130950957e-06,5.62101169478286,JAX00113807,138433643,138433643
3,EF21_Iso_Peak_Zoom,137860000,139860000,"Trmt10a, 4930579F01Rik, Gm64392, 0610031O16Rik, Adh7, Adh1, Gm16559, Gm65536, Gm65535, Adh6a, Adh6b, Gm23467, Gm64926, Adh4, Gm56805, Gm64924, Adh5, Metap1, Gm66717, Gm64814, Eif4e, Mir1956, Gm66723, Gm65687, 4930425O10Rik, Gm66306, Tspan5, Gm65713, Gm65747, Gm65746, Rap1gds1, Gm56773, Stpg2, Gm65804, Gm24260, Gm32693, Gm43678, Gm65813, Gm65202, Mir7j",138449693,2.39331472361058e-06,5.62100018741246,UNC6359022,138449693,138449693
3,EF21_Iso_Peak_Zoom,137860000,139860000,"Trmt10a, 4930579F01Rik, Gm64392, 0610031O16Rik, Adh7, Adh1, Gm16559, Gm65536, Gm65535, Adh6a, Adh6b, Gm23467, Gm64926, Adh4, Gm56805, Gm64924, Adh5, Metap1, Gm66717, Gm64814, Eif4e, Mir1956, Gm66723, Gm65687, 4930425O10Rik, Gm66306, Tspan5, Gm65713, Gm65747, Gm65746, Rap1gds1, Gm56773, Stpg2, Gm65804, Gm24260, Gm32693, Gm43678, Gm65813, Gm65202, Mir7j",138471553,2.39340283602703e-06,5.62098419869544,UNC6359382,138471553,138471553
3,EF21_Iso_Peak_Zoom,137860000,139860000,"Trmt10a, 4930579F01Rik, Gm64392, 0610031O16Rik, Adh7, Adh1, Gm16559, Gm65536, Gm65535, Adh6a, Adh6b, Gm23467, Gm64926, Adh4, Gm56805, Gm64924, Adh5, Metap1, Gm66717, Gm64814, Eif4e, Mir1956, Gm66723, Gm65687, 4930425O10Rik, Gm66306, Tspan5, Gm65713, Gm65747, Gm65746, Rap1gds1, Gm56773, Stpg2, Gm65804, Gm24260, Gm32693, Gm43678, Gm65813, Gm65202, Mir7j",138490209,2.39347430052952e-06,5.62097123131056,JAX00539277,138490209,138490209
3,EF21_Iso_Peak_Zoom,137860000,139860000,"Trmt10a, 4930579F01Rik, Gm64392, 0610031O16Rik, Adh7, Adh1, Gm16559, Gm65536, Gm65535, Adh6a, Adh6b, Gm23467, Gm64926, Adh4, Gm56805, Gm64924, Adh5, Metap1, Gm66717, Gm64814, Eif4e, Mir1956, Gm66723, Gm65687, 4930425O10Rik, Gm66306, Tspan5, Gm65713, Gm65747, Gm65746, Rap1gds1, Gm56773, Stpg2, Gm65804, Gm24260, Gm32693, Gm43678, Gm65813, Gm65202, Mir7j",138496760,2.39234712902537e-06,5.62117580408064,UNC6359715,138496760,138496760
3,EF21_Iso_Peak_Zoom,137860000,139860000,"Trmt10a, 4930579F01Rik, Gm64392, 0610031O16Rik, Adh7, Adh1, Gm16559, Gm65536, Gm65535, Adh6a, Adh6b, Gm23467, Gm64926, Adh4, Gm56805, Gm64924, Adh5, Metap1, Gm66717, Gm64814, Eif4e, Mir1956, Gm66723, Gm65687, 4930425O10Rik, Gm66306, Tspan5, Gm65713, Gm65747, Gm65746, Rap1gds1, Gm56773, Stpg2, Gm65804, Gm24260, Gm32693, Gm43678, Gm65813, Gm65202, Mir7j",138515838,2.39127729082803e-06,5.62137006048231,UNC6360102,138515838,138515838
3,EF21_Iso_Peak_Zoom,137860000,139860000,"Trmt10a, 4930579F01Rik, Gm64392, 0610031O16Rik, Adh7, Adh1, Gm16559, Gm65536, Gm65535, Adh6a, Adh6b, Gm23467, Gm64926, Adh4, Gm56805, Gm64924, Adh5, Metap1, Gm66717, Gm64814, Eif4e, Mir1956, Gm66723, Gm65687, 4930425O10Rik, Gm66306, Tspan5, Gm65713, Gm65747, Gm65746, Rap1gds1, Gm56773, Stpg2, Gm65804, Gm24260, Gm32693, Gm43678, Gm65813, Gm65202, Mir7j",138528596,2.27954354662198e-06,5.64215210695972,UNC6360333,138528596,138528596
3,EF21_Iso_Peak_Zoom,137860000,139860000,"Trmt10a, 4930579F01Rik, Gm64392, 0610031O16Rik, Adh7, Adh1, Gm16559, Gm65536, Gm65535, Adh6a, Adh6b, Gm23467, Gm64926, Adh4, Gm56805, Gm64924, Adh5, Metap1, Gm66717, Gm64814, Eif4e, Mir1956, Gm66723, Gm65687, 4930425O10Rik, Gm66306, Tspan5, Gm65713, Gm65747, Gm65746, Rap1gds1, Gm56773, Stpg2, Gm65804, Gm24260, Gm32693, Gm43678, Gm65813, Gm65202, Mir7j",138580290,2.20021919010541e-06,5.6575340517635,JAX00539298,138580290,138580290
3,EF21_Iso_Peak_Zoom,137860000,139860000,"Trmt10a, 4930579F01Rik, Gm64392, 0610031O16Rik, Adh7, Adh1, Gm16559, Gm65536, Gm65535, Adh6a, Adh6b, Gm23467, Gm64926, Adh4, Gm56805, Gm64924, Adh5, Metap1, Gm66717, Gm64814, Eif4e, Mir1956, Gm66723, Gm65687, 4930425O10Rik, Gm66306, Tspan5, Gm65713, Gm65747, Gm65746, Rap1gds1, Gm56773, Stpg2, Gm65804, Gm24260, Gm32693, Gm43678, Gm65813, Gm65202, Mir7j",138611793,2.15360202530589e-06,5.66683454903359,UNC6361609,138611793,138611793
3,EF21_Iso_Peak_Zoom,137860000,139860000,"Trmt10a, 4930579F01Rik, Gm64392, 0610031O16Rik, Adh7, Adh1, Gm16559, Gm65536, Gm65535, Adh6a, Adh6b, Gm23467, Gm64926, Adh4, Gm56805, Gm64924, Adh5, Metap1, Gm66717, Gm64814, Eif4e, Mir1956, Gm66723, Gm65687, 4930425O10Rik, Gm66306, Tspan5, Gm65713, Gm65747, Gm65746, Rap1gds1, Gm56773, Stpg2, Gm65804, Gm24260, Gm32693, Gm43678, Gm65813, Gm65202, Mir7j",138682665,2.1388290119567e-06,5.66982393358271,UNC6363014,138682665,138682665
3,EF21_Iso_Peak_Zoom,137860000,139860000,"Trmt10a, 4930579F01Rik, Gm64392, 0610031O16Rik, Adh7, Adh1, Gm16559, Gm65536, Gm65535, Adh6a, Adh6b, Gm23467, Gm64926, Adh4, Gm56805, Gm64924, Adh5, Metap1, Gm66717, Gm64814, Eif4e, Mir1956, Gm66723, Gm65687, 4930425O10Rik, Gm66306, Tspan5, Gm65713, Gm65747, Gm65746, Rap1gds1, Gm56773, Stpg2, Gm65804, Gm24260, Gm32693, Gm43678, Gm65813, Gm65202, Mir7j",138730329,2.10283318941924e-06,5.67719517704648,UNC6363924,138730329,138730329
3,EF21_Iso_Peak_Zoom,137860000,139860000,"Trmt10a, 4930579F01Rik, Gm64392, 0610031O16Rik, Adh7, Adh1, Gm16559, Gm65536, Gm65535, Adh6a, Adh6b, Gm23467, Gm64926, Adh4, Gm56805, Gm64924, Adh5, Metap1, Gm66717, Gm64814, Eif4e, Mir1956, Gm66723, Gm65687, 4930425O10Rik, Gm66306, Tspan5, Gm65713, Gm65747, Gm65746, Rap1gds1, Gm56773, Stpg2, Gm65804, Gm24260, Gm32693, Gm43678, Gm65813, Gm65202, Mir7j",138746896,2.066770064943e-06,5.68470783739356,UNC6364268,138746896,138746896
3,EF21_Iso_Peak_Zoom,137860000,139860000,"Trmt10a, 4930579F01Rik, Gm64392, 0610031O16Rik, Adh7, Adh1, Gm16559, Gm65536, Gm65535, Adh6a, Adh6b, Gm23467, Gm64926, Adh4, Gm56805, Gm64924, Adh5, Metap1, Gm66717, Gm64814, Eif4e, Mir1956, Gm66723, Gm65687, 4930425O10Rik, Gm66306, Tspan5, Gm65713, Gm65747, Gm65746, Rap1gds1, Gm56773, Stpg2, Gm65804, Gm24260, Gm32693, Gm43678, Gm65813, Gm65202, Mir7j",138827107,2.03521369552311e-06,5.69138998353261,UNC6365543,138827107,138827107
3,EF21_Iso_Peak_Zoom,137860000,139860000,"Trmt10a, 4930579F01Rik, Gm64392, 0610031O16Rik, Adh7, Adh1, Gm16559, Gm65536, Gm65535, Adh6a, Adh6b, Gm23467, Gm64926, Adh4, Gm56805, Gm64924, Adh5, Metap1, Gm66717, Gm64814, Eif4e, Mir1956, Gm66723, Gm65687, 4930425O10Rik, Gm66306, Tspan5, Gm65713, Gm65747, Gm65746, Rap1gds1, Gm56773, Stpg2, Gm65804, Gm24260, Gm32693, Gm43678, Gm65813, Gm65202, Mir7j",138853041,2.00984630953142e-06,5.69683715127324,JAX00539367,138853041,138853041
3,EF21_Iso_Peak_Zoom,137860000,139860000,"Trmt10a, 4930579F01Rik, Gm64392, 0610031O16Rik, Adh7, Adh1, Gm16559, Gm65536, Gm65535, Adh6a, Adh6b, Gm23467, Gm64926, Adh4, Gm56805, Gm64924, Adh5, Metap1, Gm66717, Gm64814, Eif4e, Mir1956, Gm66723, Gm65687, 4930425O10Rik, Gm66306, Tspan5, Gm65713, Gm65747, Gm65746, Rap1gds1, Gm56773, Stpg2, Gm65804, Gm24260, Gm32693, Gm43678, Gm65813, Gm65202, Mir7j",138861908,2.3251269253454e-06,5.63355333461379,UNC030244865,138861908,138861908
3,EF21_Iso_Peak_Zoom,137860000,139860000,"Trmt10a, 4930579F01Rik, Gm64392, 0610031O16Rik, Adh7, Adh1, Gm16559, Gm65536, Gm65535, Adh6a, Adh6b, Gm23467, Gm64926, Adh4, Gm56805, Gm64924, Adh5, Metap1, Gm66717, Gm64814, Eif4e, Mir1956, Gm66723, Gm65687, 4930425O10Rik, Gm66306, Tspan5, Gm65713, Gm65747, Gm65746, Rap1gds1, Gm56773, Stpg2, Gm65804, Gm24260, Gm32693, Gm43678, Gm65813, Gm65202, Mir7j",138864861,2.28904550068259e-06,5.64034557451682,UNC6366161,138864861,138864861
3,EF21_Iso_Peak_Zoom,137860000,139860000,"Trmt10a, 4930579F01Rik, Gm64392, 0610031O16Rik, Adh7, Adh1, Gm16559, Gm65536, Gm65535, Adh6a, Adh6b, Gm23467, Gm64926, Adh4, Gm56805, Gm64924, Adh5, Metap1, Gm66717, Gm64814, Eif4e, Mir1956, Gm66723, Gm65687, 4930425O10Rik, Gm66306, Tspan5, Gm65713, Gm65747, Gm65746, Rap1gds1, Gm56773, Stpg2, Gm65804, Gm24260, Gm32693, Gm43678, Gm65813, Gm65202, Mir7j",138933299,3.16253078117879e-06,5.49996523877074,UNC6367063,138933299,138933299
3,EF21_Iso_Peak_Zoom,137860000,139860000,"Trmt10a, 4930579F01Rik, Gm64392, 0610031O16Rik, Adh7, Adh1, Gm16559, Gm65536, Gm65535, Adh6a, Adh6b, Gm23467, Gm64926, Adh4, Gm56805, Gm64924, Adh5, Metap1, Gm66717, Gm64814, Eif4e, Mir1956, Gm66723, Gm65687, 4930425O10Rik, Gm66306, Tspan5, Gm65713, Gm65747, Gm65746, Rap1gds1, Gm56773, Stpg2, Gm65804, Gm24260, Gm32693, Gm43678, Gm65813, Gm65202, Mir7j",138946002,3.08740907118032e-06,5.51040582416666,JAX00539380,138946002,138946002
3,EF21_Iso_Peak_Zoom,137860000,139860000,"Trmt10a, 4930579F01Rik, Gm64392, 0610031O16Rik, Adh7, Adh1, Gm16559, Gm65536, Gm65535, Adh6a, Adh6b, Gm23467, Gm64926, Adh4, Gm56805, Gm64924, Adh5, Metap1, Gm66717, Gm64814, Eif4e, Mir1956, Gm66723, Gm65687, 4930425O10Rik, Gm66306, Tspan5, Gm65713, Gm65747, Gm65746, Rap1gds1, Gm56773, Stpg2, Gm65804, Gm24260, Gm32693, Gm43678, Gm65813, Gm65202, Mir7j",139009980,3.05379815552215e-06,5.51515967154936,UNC6367490,139009980,139009980
3,EF21_Iso_Peak_Zoom,137860000,139860000,"Trmt10a, 4930579F01Rik, Gm64392, 0610031O16Rik, Adh7, Adh1, Gm16559, Gm65536, Gm65535, Adh6a, Adh6b, Gm23467, Gm64926, Adh4, Gm56805, Gm64924, Adh5, Metap1, Gm66717, Gm64814, Eif4e, Mir1956, Gm66723, Gm65687, 4930425O10Rik, Gm66306, Tspan5, Gm65713, Gm65747, Gm65746, Rap1gds1, Gm56773, Stpg2, Gm65804, Gm24260, Gm32693, Gm43678, Gm65813, Gm65202, Mir7j",139042189,3.00745179777707e-06,5.52180132462891,UNC6367825,139042189,139042189
3,EF21_Iso_Peak_Zoom,137860000,139860000,"Trmt10a, 4930579F01Rik, Gm64392, 0610031O16Rik, Adh7, Adh1, Gm16559, Gm65536, Gm65535, Adh6a, Adh6b, Gm23467, Gm64926, Adh4, Gm56805, Gm64924, Adh5, Metap1, Gm66717, Gm64814, Eif4e, Mir1956, Gm66723, Gm65687, 4930425O10Rik, Gm66306, Tspan5, Gm65713, Gm65747, Gm65746, Rap1gds1, Gm56773, Stpg2, Gm65804, Gm24260, Gm32693, Gm43678, Gm65813, Gm65202, Mir7j",139127331,2.96215224182098e-06,5.52839262438211,UNC6369212,139127331,139127331
3,EF21_Iso_Peak_Zoom,137860000,139860000,"Trmt10a, 4930579F01Rik, Gm64392, 0610031O16Rik, Adh7, Adh1, Gm16559, Gm65536, Gm65535, Adh6a, Adh6b, Gm23467, Gm64926, Adh4, Gm56805, Gm64924, Adh5, Metap1, Gm66717, Gm64814, Eif4e, Mir1956, Gm66723, Gm65687, 4930425O10Rik, Gm66306, Tspan5, Gm65713, Gm65747, Gm65746, Rap1gds1, Gm56773, Stpg2, Gm65804, Gm24260, Gm32693, Gm43678, Gm65813, Gm65202, Mir7j",139176480,2.91545257320097e-06,5.53529401902244,UNC6369688,139176480,139176480
3,EF21_Iso_Peak_Zoom,137860000,139860000,"Trmt10a, 4930579F01Rik, Gm64392, 0610031O16Rik, Adh7, Adh1, Gm16559, Gm65536, Gm65535, Adh6a, Adh6b, Gm23467, Gm64926, Adh4, Gm56805, Gm64924, Adh5, Metap1, Gm66717, Gm64814, Eif4e, Mir1956, Gm66723, Gm65687, 4930425O10Rik, Gm66306, Tspan5, Gm65713, Gm65747, Gm65746, Rap1gds1, Gm56773, Stpg2, Gm65804, Gm24260, Gm32693, Gm43678, Gm65813, Gm65202, Mir7j",139233930,2.87075282435215e-06,5.54200419922803,UNC6370359,139233930,139233930
3,EF21_Iso_Peak_Zoom,137860000,139860000,"Trmt10a, 4930579F01Rik, Gm64392, 0610031O16Rik, Adh7, Adh1, Gm16559, Gm65536, Gm65535, Adh6a, Adh6b, Gm23467, Gm64926, Adh4, Gm56805, Gm64924, Adh5, Metap1, Gm66717, Gm64814, Eif4e, Mir1956, Gm66723, Gm65687, 4930425O10Rik, Gm66306, Tspan5, Gm65713, Gm65747, Gm65746, Rap1gds1, Gm56773, Stpg2, Gm65804, Gm24260, Gm32693, Gm43678, Gm65813, Gm65202, Mir7j",139247174,2.82464769143929e-06,5.54903571251901,JAX00113867,139247174,139247174
3,EF21_Iso_Peak_Zoom,137860000,139860000,"Trmt10a, 4930579F01Rik, Gm64392, 0610031O16Rik, Adh7, Adh1, Gm16559, Gm65536, Gm65535, Adh6a, Adh6b, Gm23467, Gm64926, Adh4, Gm56805, Gm64924, Adh5, Metap1, Gm66717, Gm64814, Eif4e, Mir1956, Gm66723, Gm65687, 4930425O10Rik, Gm66306, Tspan5, Gm65713, Gm65747, Gm65746, Rap1gds1, Gm56773, Stpg2, Gm65804, Gm24260, Gm32693, Gm43678, Gm65813, Gm65202, Mir7j",139305765,2.78242487141378e-06,5.55557655327211,UNC6371004,139305765,139305765
3,EF21_Iso_Peak_Zoom,137860000,139860000,"Trmt10a, 4930579F01Rik, Gm64392, 0610031O16Rik, Adh7, Adh1, Gm16559, Gm65536, Gm65535, Adh6a, Adh6b, Gm23467, Gm64926, Adh4, Gm56805, Gm64924, Adh5, Metap1, Gm66717, Gm64814, Eif4e, Mir1956, Gm66723, Gm65687, 4930425O10Rik, Gm66306, Tspan5, Gm65713, Gm65747, Gm65746, Rap1gds1, Gm56773, Stpg2, Gm65804, Gm24260, Gm32693, Gm43678, Gm65813, Gm65202, Mir7j",139343553,2.74013551713799e-06,5.56222795802273,UNC6371573,139343553,139343553
3,EF21_Iso_Peak_Zoom,137860000,139860000,"Trmt10a, 4930579F01Rik, Gm64392, 0610031O16Rik, Adh7, Adh1, Gm16559, Gm65536, Gm65535, Adh6a, Adh6b, Gm23467, Gm64926, Adh4, Gm56805, Gm64924, Adh5, Metap1, Gm66717, Gm64814, Eif4e, Mir1956, Gm66723, Gm65687, 4930425O10Rik, Gm66306, Tspan5, Gm65713, Gm65747, Gm65746, Rap1gds1, Gm56773, Stpg2, Gm65804, Gm24260, Gm32693, Gm43678, Gm65813, Gm65202, Mir7j",139397695,2.6998041726382e-06,5.56866773577692,UNC6372340,139397695,139397695
3,EF21_Iso_Peak_Zoom,137860000,139860000,"Trmt10a, 4930579F01Rik, Gm64392, 0610031O16Rik, Adh7, Adh1, Gm16559, Gm65536, Gm65535, Adh6a, Adh6b, Gm23467, Gm64926, Adh4, Gm56805, Gm64924, Adh5, Metap1, Gm66717, Gm64814, Eif4e, Mir1956, Gm66723, Gm65687, 4930425O10Rik, Gm66306, Tspan5, Gm65713, Gm65747, Gm65746, Rap1gds1, Gm56773, Stpg2, Gm65804, Gm24260, Gm32693, Gm43678, Gm65813, Gm65202, Mir7j",139502318,2.60924875345328e-06,5.58348451534121,JAX00113886,139502318,139502318
3,EF21_Iso_Peak_Zoom,137860000,139860000,"Trmt10a, 4930579F01Rik, Gm64392, 0610031O16Rik, Adh7, Adh1, Gm16559, Gm65536, Gm65535, Adh6a, Adh6b, Gm23467, Gm64926, Adh4, Gm56805, Gm64924, Adh5, Metap1, Gm66717, Gm64814, Eif4e, Mir1956, Gm66723, Gm65687, 4930425O10Rik, Gm66306, Tspan5, Gm65713, Gm65747, Gm65746, Rap1gds1, Gm56773, Stpg2, Gm65804, Gm24260, Gm32693, Gm43678, Gm65813, Gm65202, Mir7j",139528784,2.5375937589036e-06,5.5955779024887,UNC6374352,139528784,139528784
3,EF21_Iso_Peak_Zoom,137860000,139860000,"Trmt10a, 4930579F01Rik, Gm64392, 0610031O16Rik, Adh7, Adh1, Gm16559, Gm65536, Gm65535, Adh6a, Adh6b, Gm23467, Gm64926, Adh4, Gm56805, Gm64924, Adh5, Metap1, Gm66717, Gm64814, Eif4e, Mir1956, Gm66723, Gm65687, 4930425O10Rik, Gm66306, Tspan5, Gm65713, Gm65747, Gm65746, Rap1gds1, Gm56773, Stpg2, Gm65804, Gm24260, Gm32693, Gm43678, Gm65813, Gm65202, Mir7j",139592179,2.42346675694893e-06,5.61556293318185,UNC6375952,139592179,139592179
3,EF21_Iso_Peak_Zoom,137860000,139860000,"Trmt10a, 4930579F01Rik, Gm64392, 0610031O16Rik, Adh7, Adh1, Gm16559, Gm65536, Gm65535, Adh6a, Adh6b, Gm23467, Gm64926, Adh4, Gm56805, Gm64924, Adh5, Metap1, Gm66717, Gm64814, Eif4e, Mir1956, Gm66723, Gm65687, 4930425O10Rik, Gm66306, Tspan5, Gm65713, Gm65747, Gm65746, Rap1gds1, Gm56773, Stpg2, Gm65804, Gm24260, Gm32693, Gm43678, Gm65813, Gm65202, Mir7j",139667299,2.29680144397179e-06,5.63887654747568,UNC6377128,139667299,139667299
3,EF21_Iso_Peak_Zoom,137860000,139860000,"Trmt10a, 4930579F01Rik, Gm64392, 0610031O16Rik, Adh7, Adh1, Gm16559, Gm65536, Gm65535, Adh6a, Adh6b, Gm23467, Gm64926, Adh4, Gm56805, Gm64924, Adh5, Metap1, Gm66717, Gm64814, Eif4e, Mir1956, Gm66723, Gm65687, 4930425O10Rik, Gm66306, Tspan5, Gm65713, Gm65747, Gm65746, Rap1gds1, Gm56773, Stpg2, Gm65804, Gm24260, Gm32693, Gm43678, Gm65813, Gm65202, Mir7j",139759262,2.15175800717159e-06,5.66720657225264,JAX00539530,139759262,139759262
3,EF21_Iso_Peak_Zoom,137860000,139860000,"Trmt10a, 4930579F01Rik, Gm64392, 0610031O16Rik, Adh7, Adh1, Gm16559, Gm65536, Gm65535, Adh6a, Adh6b, Gm23467, Gm64926, Adh4, Gm56805, Gm64924, Adh5, Metap1, Gm66717, Gm64814, Eif4e, Mir1956, Gm66723, Gm65687, 4930425O10Rik, Gm66306, Tspan5, Gm65713, Gm65747, Gm65746, Rap1gds1, Gm56773, Stpg2, Gm65804, Gm24260, Gm32693, Gm43678, Gm65813, Gm65202, Mir7j",139764630,2.11366961757603e-06,5.67496289521063,UNC6378689,139764630,139764630
3,EF21_Iso_Peak_Zoom,137860000,139860000,"Trmt10a, 4930579F01Rik, Gm64392, 0610031O16Rik, Adh7, Adh1, Gm16559, Gm65536, Gm65535, Adh6a, Adh6b, Gm23467, Gm64926, Adh4, Gm56805, Gm64924, Adh5, Metap1, Gm66717, Gm64814, Eif4e, Mir1956, Gm66723, Gm65687, 4930425O10Rik, Gm66306, Tspan5, Gm65713, Gm65747, Gm65746, Rap1gds1, Gm56773, Stpg2, Gm65804, Gm24260, Gm32693, Gm43678, Gm65813, Gm65202, Mir7j",139785833,2.05805219331091e-06,5.6865436154922,UNC030249365,139785833,139785833
3,EF21_Iso_Peak_Zoom,137860000,139860000,"Trmt10a, 4930579F01Rik, Gm64392, 0610031O16Rik, Adh7, Adh1, Gm16559, Gm65536, Gm65535, Adh6a, Adh6b, Gm23467, Gm64926, Adh4, Gm56805, Gm64924, Adh5, Metap1, Gm66717, Gm64814, Eif4e, Mir1956, Gm66723, Gm65687, 4930425O10Rik, Gm66306, Tspan5, Gm65713, Gm65747, Gm65746, Rap1gds1, Gm56773, Stpg2, Gm65804, Gm24260, Gm32693, Gm43678, Gm65813, Gm65202, Mir7j",139823649,1.98348080910431e-06,5.70257199712601,UNC6379671,139823649,139823649
3,EF21_Iso_Peak_Zoom,137860000,139860000,"Trmt10a, 4930579F01Rik, Gm64392, 0610031O16Rik, Adh7, Adh1, Gm16559, Gm65536, Gm65535, Adh6a, Adh6b, Gm23467, Gm64926, Adh4, Gm56805, Gm64924, Adh5, Metap1, Gm66717, Gm64814, Eif4e, Mir1956, Gm66723, Gm65687, 4930425O10Rik, Gm66306, Tspan5, Gm65713, Gm65747, Gm65746, Rap1gds1, Gm56773, Stpg2, Gm65804, Gm24260, Gm32693, Gm43678, Gm65813, Gm65202, Mir7j",139840151,1.93623508337412e-06,5.71304191499556,UNC6379832,139840151,139840151
